<?xml version="1.0" encoding="UTF-8"?>
<project-private xmlns="http://www.netbeans.org/ns/project-private/1">
    <editor-bookmarks xmlns="http://www.netbeans.org/ns/editor-bookmarks/2" lastBookmarkId="0"/>
    <open-files xmlns="http://www.netbeans.org/ns/projectui-open-files/2">
        <group>
            <file>file:/var/www/html/pdp/views/arsip/index.php</file>
            <file>file:/var/www/html/pdp/views/judul/index.php</file>
            <file>file:/var/www/html/pdp/controllers/ArsipController.php</file>
            <file>file:/var/www/html/pdp/models/Dosen.php</file>
            <file>file:/var/www/html/pdp/views/judul/detail.php</file>
            <file>file:/var/www/html/pdp/web/layout/header2.php</file>
            <file>file:/var/www/html/pdp/models/Arsip.php</file>
            <file>file:/var/www/html/pdp/controllers/BiroController.php</file>
        </group>
    </open-files>
</project-private>
